{"cameraMode":{"drawMode":0,"name":"Shaded","section":"Shading Mode"},"sceneLighting":true,"audioPlay":false,"sceneViewState":{"showFog":true,"showMaterialUpdate":true,"showSkybox":true,"showFlares":true,"showImageEffects":true,"showParticleSystems":true},"in2DMode":false,"pivot":{"x":0.14505475759506226,"y":5.734124183654785,"z":8.531817436218262},"rotation":{"x":0.0763084888458252,"y":-0.9199865460395813,"z":0.3114231824874878,"w":0.22542719542980195},"size":18.44402503967285,"orthographic":false}